<?xml version="1.0" encoding="UTF-8"?>
<project-private xmlns="http://www.netbeans.org/ns/project-private/1">
    <editor-bookmarks xmlns="http://www.netbeans.org/ns/editor-bookmarks/2" lastBookmarkId="0"/>
    <open-files xmlns="http://www.netbeans.org/ns/projectui-open-files/2">
        <group>
            <file>file:/Users/majic/NetBeansProjects/OrbPlot/src/Planet.java</file>
            <file>file:/Users/majic/NetBeansProjects/OrbPlot/src/IJGSphere.java</file>
            <file>file:/Users/majic/NetBeansProjects/OrbPlot/src/Face.java</file>
            <file>file:/Users/majic/NetBeansProjects/OrbPlot/src/RGBA.java</file>
            <file>file:/Users/majic/NetBeansProjects/OrbPlot/src/Index.java</file>
            <file>file:/Users/majic/NetBeansProjects/OrbPlot/src/spherePlot006_oop_java.java</file>
            <file>file:/Users/majic/NetBeansProjects/OrbPlot/src/UV.java</file>
            <file>file:/Users/majic/NetBeansProjects/OrbPlot/src/Vertex.java</file>
        </group>
    </open-files>
</project-private>
