{
  "href" : "https://api.spotify.com/v1/me/tracks?offset=0&limit=20",
  "items" : [ {
    "added_at" : "2017-05-10T04:22:10Z",
    "track" : {
      "album" : {
        "album_type" : "album",
        "artists" : [ {
          "external_urls" : {
            "spotify" : "https://open.spotify.com/artist/4xRYI6VqpkE3UwrDrAZL8L"
          },
          "href" : "https://api.spotify.com/v1/artists/4xRYI6VqpkE3UwrDrAZL8L",
          "id" : "4xRYI6VqpkE3UwrDrAZL8L",
          "name" : "Logic",
          "type" : "artist",
          "uri" : "spotify:artist:4xRYI6VqpkE3UwrDrAZL8L"
        } ],
        "available_markets" : [ "CA", "MX", "US" ],
        "external_urls" : {
          "spotify" : "https://open.spotify.com/album/1HiN2YXZcc3EjmVZ4WjfBk"
        },
        "href" : "https://api.spotify.com/v1/albums/1HiN2YXZcc3EjmVZ4WjfBk",
        "id" : "1HiN2YXZcc3EjmVZ4WjfBk",
        "images" : [ {
          "height" : 640,
          "url" : "https://i.scdn.co/image/2c97f3e4f6c1203c21d8ec4493415d1053d67d99",
          "width" : 640
        }, {
          "height" : 300,
          "url" : "https://i.scdn.co/image/25040c5c7dbebaf6300ddcd1a52f635f3e373d6c",
          "width" : 300
        }, {
          "height" : 64,
          "url" : "https://i.scdn.co/image/b235d16ffc43086b72f3fa2c9643c3b19531024d",
          "width" : 64
        } ],
        "name" : "Everybody",
        "type" : "album",
        "uri" : "spotify:album:1HiN2YXZcc3EjmVZ4WjfBk"
      },
      "artists" : [ {
        "external_urls" : {
          "spotify" : "https://open.spotify.com/artist/4xRYI6VqpkE3UwrDrAZL8L"
        },
        "href" : "https://api.spotify.com/v1/artists/4xRYI6VqpkE3UwrDrAZL8L",
        "id" : "4xRYI6VqpkE3UwrDrAZL8L",
        "name" : "Logic",
        "type" : "artist",
        "uri" : "spotify:artist:4xRYI6VqpkE3UwrDrAZL8L"
      }, {
        "external_urls" : {
          "spotify" : "https://open.spotify.com/artist/2N4EYkIlG1kv25g6Wv8LGI"
        },
        "href" : "https://api.spotify.com/v1/artists/2N4EYkIlG1kv25g6Wv8LGI",
        "id" : "2N4EYkIlG1kv25g6Wv8LGI",
        "name" : "Killer Mike",
        "type" : "artist",
        "uri" : "spotify:artist:2N4EYkIlG1kv25g6Wv8LGI"
      } ],
      "available_markets" : [ "CA", "MX", "US" ],
      "disc_number" : 1,
      "duration_ms" : 343026,
      "explicit" : true,
      "external_ids" : {
        "isrc" : "USUM71702802"
      },
      "external_urls" : {
        "spotify" : "https://open.spotify.com/track/58kwvMXeOlsvzPqUlyj75Y"
      },
      "href" : "https://api.spotify.com/v1/tracks/58kwvMXeOlsvzPqUlyj75Y",
      "id" : "58kwvMXeOlsvzPqUlyj75Y",
      "name" : "Confess",
      "popularity" : 74,
      "preview_url" : "https://p.scdn.co/mp3-preview/5c983789fa140dff20294c2372a070180d17a6ed?cid=8897482848704f2a8f8d7c79726a70d4",
      "track_number" : 3,
      "type" : "track",
      "uri" : "spotify:track:58kwvMXeOlsvzPqUlyj75Y"
    }
  }, {
    "added_at" : "2017-05-06T20:13:15Z",
    "track" : {
      "album" : {
        "album_type" : "single",
        "artists" : [ {
          "external_urls" : {
            "spotify" : "https://open.spotify.com/artist/41rVuRHYAiH7ltBTHVR9We"
          },
          "href" : "https://api.spotify.com/v1/artists/41rVuRHYAiH7ltBTHVR9We",
          "id" : "41rVuRHYAiH7ltBTHVR9We",
          "name" : "Slushii",
          "type" : "artist",
          "uri" : "spotify:artist:41rVuRHYAiH7ltBTHVR9We"
        } ],
        "available_markets" : [ "AD", "AR", "AT", "AU", "BE", "BG", "BO", "BR", "CA", "CH", "CL", "CO", "CR", "CY", "CZ", "DE", "DK", "DO", "EC", "EE", "ES", "FI", "FR", "GB", "GR", "GT", "HK", "HN", "HU", "ID", "IE", "IS", "IT", "JP", "LI", "LT", "LU", "LV", "MC", "MT", "MX", "MY", "NI", "NL", "NO", "NZ", "PA", "PE", "PH", "PL", "PT", "PY", "SE", "SG", "SK", "SV", "TR", "TW", "US", "UY" ],
        "external_urls" : {
          "spotify" : "https://open.spotify.com/album/7DGYrxmgYPEnsnKxP78n5F"
        },
        "href" : "https://api.spotify.com/v1/albums/7DGYrxmgYPEnsnKxP78n5F",
        "id" : "7DGYrxmgYPEnsnKxP78n5F",
        "images" : [ {
          "height" : 640,
          "url" : "https://i.scdn.co/image/d40876d10d077529c464af453d6ef1106f19166d",
          "width" : 640
        }, {
          "height" : 300,
          "url" : "https://i.scdn.co/image/dc845d91e5d2c8b6d93ec5e0491298b8ee9441ef",
          "width" : 300
        }, {
          "height" : 64,
          "url" : "https://i.scdn.co/image/1f265237d10ee18b0ddc3f48a4bf685d4cbd037d",
          "width" : 64
        } ],
        "name" : "So Long (feat. Madi)",
        "type" : "album",
        "uri" : "spotify:album:7DGYrxmgYPEnsnKxP78n5F"
      },
      "artists" : [ {
        "external_urls" : {
          "spotify" : "https://open.spotify.com/artist/41rVuRHYAiH7ltBTHVR9We"
        },
        "href" : "https://api.spotify.com/v1/artists/41rVuRHYAiH7ltBTHVR9We",
        "id" : "41rVuRHYAiH7ltBTHVR9We",
        "name" : "Slushii",
        "type" : "artist",
        "uri" : "spotify:artist:41rVuRHYAiH7ltBTHVR9We"
      }, {
        "external_urls" : {
          "spotify" : "https://open.spotify.com/artist/5KtyvSnzn6NcqukCOsjfe0"
        },
        "href" : "https://api.spotify.com/v1/artists/5KtyvSnzn6NcqukCOsjfe0",
        "id" : "5KtyvSnzn6NcqukCOsjfe0",
        "name" : "Madi",
        "type" : "artist",
        "uri" : "spotify:artist:5KtyvSnzn6NcqukCOsjfe0"
      } ],
      "available_markets" : [ "AD", "AR", "AT", "AU", "BE", "BG", "BO", "BR", "CA", "CH", "CL", "CO", "CR", "CY", "CZ", "DE", "DK", "DO", "EC", "EE", "ES", "FI", "FR", "GB", "GR", "GT", "HK", "HN", "HU", "ID", "IE", "IS", "IT", "JP", "LI", "LT", "LU", "LV", "MC", "MT", "MX", "MY", "NI", "NL", "NO", "NZ", "PA", "PE", "PH", "PL", "PT", "PY", "SE", "SG", "SK", "SV", "TR", "TW", "US", "UY" ],
      "disc_number" : 1,
      "duration_ms" : 178767,
      "explicit" : false,
      "external_ids" : {
        "isrc" : "USZ4V1600125"
      },
      "external_urls" : {
        "spotify" : "https://open.spotify.com/track/7ppz0b5ecGXM8xHg5yGDhK"
      },
      "href" : "https://api.spotify.com/v1/tracks/7ppz0b5ecGXM8xHg5yGDhK",
      "id" : "7ppz0b5ecGXM8xHg5yGDhK",
      "name" : "So Long (feat. Madi)",
      "popularity" : 62,
      "preview_url" : "https://p.scdn.co/mp3-preview/101e0a585a6f5c0eb4a70ad4ce6d46e583e2c79b?cid=8897482848704f2a8f8d7c79726a70d4",
      "track_number" : 1,
      "type" : "track",
      "uri" : "spotify:track:7ppz0b5ecGXM8xHg5yGDhK"
    }
  }, {
    "added_at" : "2017-05-06T17:35:10Z",
    "track" : {
      "album" : {
        "album_type" : "single",
        "artists" : [ {
          "external_urls" : {
            "spotify" : "https://open.spotify.com/artist/3OKg7YbOIatODzkRIbLJR4"
          },
          "href" : "https://api.spotify.com/v1/artists/3OKg7YbOIatODzkRIbLJR4",
          "id" : "3OKg7YbOIatODzkRIbLJR4",
          "name" : "TheFatRat",
          "type" : "artist",
          "uri" : "spotify:artist:3OKg7YbOIatODzkRIbLJR4"
        } ],
        "available_markets" : [ "AD", "AR", "AT", "AU", "BG", "BO", "BR", "CA", "CH", "CL", "CO", "CR", "CY", "CZ", "DE", "DK", "DO", "EC", "EE", "ES", "FI", "FR", "GB", "GR", "GT", "HK", "HN", "HU", "ID", "IE", "IS", "IT", "JP", "LI", "LT", "LV", "MC", "MT", "MX", "MY", "NI", "NO", "NZ", "PA", "PE", "PH", "PL", "PT", "PY", "SE", "SG", "SK", "SV", "TR", "TW", "US", "UY" ],
        "external_urls" : {
          "spotify" : "https://open.spotify.com/album/6M9lhBLGRYYP6kaL5jJuz2"
        },
        "href" : "https://api.spotify.com/v1/albums/6M9lhBLGRYYP6kaL5jJuz2",
        "id" : "6M9lhBLGRYYP6kaL5jJuz2",
        "images" : [ {
          "height" : 640,
          "url" : "https://i.scdn.co/image/010076bb6d328f9e481c27740701a839cb004015",
          "width" : 640
        }, {
          "height" : 300,
          "url" : "https://i.scdn.co/image/1c83da8635f7f5c67324cd8fe13570bf6398b0c9",
          "width" : 300
        }, {
          "height" : 64,
          "url" : "https://i.scdn.co/image/886b735755309bdbf9da4f4ca3b92b8b4b42d5d0",
          "width" : 64
        } ],
        "name" : "Monody (feat. Laura Brehm)",
        "type" : "album",
        "uri" : "spotify:album:6M9lhBLGRYYP6kaL5jJuz2"
      },
      "artists" : [ {
        "external_urls" : {
          "spotify" : "https://open.spotify.com/artist/3OKg7YbOIatODzkRIbLJR4"
        },
        "href" : "https://api.spotify.com/v1/artists/3OKg7YbOIatODzkRIbLJR4",
        "id" : "3OKg7YbOIatODzkRIbLJR4",
        "name" : "TheFatRat",
        "type" : "artist",
        "uri" : "spotify:artist:3OKg7YbOIatODzkRIbLJR4"
      }, {
        "external_urls" : {
          "spotify" : "https://open.spotify.com/artist/7ddnIV2r4SLjuwyGlgLIWt"
        },
        "href" : "https://api.spotify.com/v1/artists/7ddnIV2r4SLjuwyGlgLIWt",
        "id" : "7ddnIV2r4SLjuwyGlgLIWt",
        "name" : "Laura Brehm",
        "type" : "artist",
        "uri" : "spotify:artist:7ddnIV2r4SLjuwyGlgLIWt"
      } ],
      "available_markets" : [ "AD", "AR", "AT", "AU", "BG", "BO", "BR", "CA", "CH", "CL", "CO", "CR", "CY", "CZ", "DE", "DK", "DO", "EC", "EE", "ES", "FI", "FR", "GB", "GR", "GT", "HK", "HN", "HU", "ID", "IE", "IS", "IT", "JP", "LI", "LT", "LV", "MC", "MT", "MX", "MY", "NI", "NO", "NZ", "PA", "PE", "PH", "PL", "PT", "PY", "SE", "SG", "SK", "SV", "TR", "TW", "US", "UY" ],
      "disc_number" : 1,
      "duration_ms" : 290467,
      "explicit" : false,
      "external_ids" : {
        "isrc" : "TCACJ1562721"
      },
      "external_urls" : {
        "spotify" : "https://open.spotify.com/track/3VvBPkc24zC7x05mgJTyGO"
      },
      "href" : "https://api.spotify.com/v1/tracks/3VvBPkc24zC7x05mgJTyGO",
      "id" : "3VvBPkc24zC7x05mgJTyGO",
      "name" : "Monody (feat. Laura Brehm)",
      "popularity" : 67,
      "preview_url" : "https://p.scdn.co/mp3-preview/1e941e6a6dc30a1307138cde316f7d87e99b833e?cid=8897482848704f2a8f8d7c79726a70d4",
      "track_number" : 1,
      "type" : "track",
      "uri" : "spotify:track:3VvBPkc24zC7x05mgJTyGO"
    }
  }, {
    "added_at" : "2017-05-06T01:14:22Z",
    "track" : {
      "album" : {
        "album_type" : "album",
        "artists" : [ {
          "external_urls" : {
            "spotify" : "https://open.spotify.com/artist/2X2cDFal9ci8yS5FDHYZv2"
          },
          "href" : "https://api.spotify.com/v1/artists/2X2cDFal9ci8yS5FDHYZv2",
          "id" : "2X2cDFal9ci8yS5FDHYZv2",
          "name" : "Karma Kid",
          "type" : "artist",
          "uri" : "spotify:artist:2X2cDFal9ci8yS5FDHYZv2"
        } ],
        "available_markets" : [ "AD", "AR", "AT", "AU", "BE", "BG", "BO", "BR", "CA", "CH", "CL", "CO", "CR", "CY", "CZ", "DE", "DK", "DO", "EC", "EE", "ES", "FI", "FR", "GB", "GR", "GT", "HK", "HN", "HU", "ID", "IE", "IS", "IT", "JP", "LI", "LT", "LU", "LV", "MC", "MT", "MX", "MY", "NI", "NL", "NO", "NZ", "PA", "PE", "PH", "PL", "PT", "PY", "SE", "SG", "SK", "SV", "TR", "TW", "US", "UY" ],
        "external_urls" : {
          "spotify" : "https://open.spotify.com/album/6hQA7gn2SCljGlk27O02Hh"
        },
        "href" : "https://api.spotify.com/v1/albums/6hQA7gn2SCljGlk27O02Hh",
        "id" : "6hQA7gn2SCljGlk27O02Hh",
        "images" : [ {
          "height" : 640,
          "url" : "https://i.scdn.co/image/d118b2925263d4d168d1d54e65fc35731e26c83b",
          "width" : 640
        }, {
          "height" : 300,
          "url" : "https://i.scdn.co/image/78b0bca3b323f6dc409c3d0e7319afacc7478994",
          "width" : 300
        }, {
          "height" : 64,
          "url" : "https://i.scdn.co/image/75bccb3351cbcf45f03639a9efbb77f88edc2aa4",
          "width" : 64
        } ],
        "name" : "Man of the Year",
        "type" : "album",
        "uri" : "spotify:album:6hQA7gn2SCljGlk27O02Hh"
      },
      "artists" : [ {
        "external_urls" : {
          "spotify" : "https://open.spotify.com/artist/2X2cDFal9ci8yS5FDHYZv2"
        },
        "href" : "https://api.spotify.com/v1/artists/2X2cDFal9ci8yS5FDHYZv2",
        "id" : "2X2cDFal9ci8yS5FDHYZv2",
        "name" : "Karma Kid",
        "type" : "artist",
        "uri" : "spotify:artist:2X2cDFal9ci8yS5FDHYZv2"
      }, {
        "external_urls" : {
          "spotify" : "https://open.spotify.com/artist/3Gm5F95VdRxW3mqCn8RPBJ"
        },
        "href" : "https://api.spotify.com/v1/artists/3Gm5F95VdRxW3mqCn8RPBJ",
        "id" : "3Gm5F95VdRxW3mqCn8RPBJ",
        "name" : "Aminé",
        "type" : "artist",
        "uri" : "spotify:artist:3Gm5F95VdRxW3mqCn8RPBJ"
      } ],
      "available_markets" : [ "AD", "AR", "AT", "AU", "BE", "BG", "BO", "BR", "CA", "CH", "CL", "CO", "CR", "CY", "CZ", "DE", "DK", "DO", "EC", "EE", "ES", "FI", "FR", "GB", "GR", "GT", "HK", "HN", "HU", "ID", "IE", "IS", "IT", "JP", "LI", "LT", "LU", "LV", "MC", "MT", "MX", "MY", "NI", "NL", "NO", "NZ", "PA", "PE", "PH", "PL", "PT", "PY", "SE", "SG", "SK", "SV", "TR", "TW", "US", "UY" ],
      "disc_number" : 1,
      "duration_ms" : 261561,
      "explicit" : false,
      "external_ids" : {
        "isrc" : "GBRTB1600004"
      },
      "external_urls" : {
        "spotify" : "https://open.spotify.com/track/17YxLowBaHnAi68ZEH1WN4"
      },
      "href" : "https://api.spotify.com/v1/tracks/17YxLowBaHnAi68ZEH1WN4",
      "id" : "17YxLowBaHnAi68ZEH1WN4",
      "name" : "Thru the Tundra",
      "popularity" : 55,
      "preview_url" : "https://p.scdn.co/mp3-preview/39f30c238a9caa284ff567034aec930dedfd6b1d?cid=8897482848704f2a8f8d7c79726a70d4",
      "track_number" : 4,
      "type" : "track",
      "uri" : "spotify:track:17YxLowBaHnAi68ZEH1WN4"
    }
  }, {
    "added_at" : "2017-05-05T16:29:07Z",
    "track" : {
      "album" : {
        "album_type" : "single",
        "artists" : [ {
          "external_urls" : {
            "spotify" : "https://open.spotify.com/artist/5PxCTrv3Y1xVACfngpt7D2"
          },
          "href" : "https://api.spotify.com/v1/artists/5PxCTrv3Y1xVACfngpt7D2",
          "id" : "5PxCTrv3Y1xVACfngpt7D2",
          "name" : "Lostboycrow",
          "type" : "artist",
          "uri" : "spotify:artist:5PxCTrv3Y1xVACfngpt7D2"
        } ],
        "available_markets" : [ "AD", "AR", "AT", "AU", "BE", "BG", "BO", "BR", "CA", "CH", "CL", "CO", "CR", "CY", "CZ", "DE", "DK", "DO", "EC", "EE", "ES", "FI", "FR", "GB", "GR", "GT", "HK", "HN", "HU", "ID", "IE", "IS", "IT", "JP", "LI", "LT", "LU", "LV", "MC", "MT", "MX", "MY", "NI", "NL", "NO", "NZ", "PA", "PE", "PH", "PL", "PT", "PY", "SE", "SG", "SK", "SV", "TR", "TW", "US", "UY" ],
        "external_urls" : {
          "spotify" : "https://open.spotify.com/album/08oWAjTA4SHljS8e71mHoW"
        },
        "href" : "https://api.spotify.com/v1/albums/08oWAjTA4SHljS8e71mHoW",
        "id" : "08oWAjTA4SHljS8e71mHoW",
        "images" : [ {
          "height" : 640,
          "url" : "https://i.scdn.co/image/ac94b84c2f90dd000e3eed400f7f72b95ecdfa3d",
          "width" : 640
        }, {
          "height" : 300,
          "url" : "https://i.scdn.co/image/4aae1fd62e7527522e648d79341ec9fc689c2590",
          "width" : 300
        }, {
          "height" : 64,
          "url" : "https://i.scdn.co/image/71e210535f00785efd7328e7f6af83f9d651d7ff",
          "width" : 64
        } ],
        "name" : "Real Name",
        "type" : "album",
        "uri" : "spotify:album:08oWAjTA4SHljS8e71mHoW"
      },
      "artists" : [ {
        "external_urls" : {
          "spotify" : "https://open.spotify.com/artist/5PxCTrv3Y1xVACfngpt7D2"
        },
        "href" : "https://api.spotify.com/v1/artists/5PxCTrv3Y1xVACfngpt7D2",
        "id" : "5PxCTrv3Y1xVACfngpt7D2",
        "name" : "Lostboycrow",
        "type" : "artist",
        "uri" : "spotify:artist:5PxCTrv3Y1xVACfngpt7D2"
      } ],
      "available_markets" : [ "AD", "AR", "AT", "AU", "BE", "BG", "BO", "BR", "CA", "CH", "CL", "CO", "CR", "CY", "CZ", "DE", "DK", "DO", "EC", "EE", "ES", "FI", "FR", "GB", "GR", "GT", "HK", "HN", "HU", "ID", "IE", "IS", "IT", "JP", "LI", "LT", "LU", "LV", "MC", "MT", "MX", "MY", "NI", "NL", "NO", "NZ", "PA", "PE", "PH", "PL", "PT", "PY", "SE", "SG", "SK", "SV", "TR", "TW", "US", "UY" ],
      "disc_number" : 1,
      "duration_ms" : 238500,
      "explicit" : false,
      "external_ids" : {
        "isrc" : "TCACZ1793015"
      },
      "external_urls" : {
        "spotify" : "https://open.spotify.com/track/6ISionOfm9VCredgDEUSIG"
      },
      "href" : "https://api.spotify.com/v1/tracks/6ISionOfm9VCredgDEUSIG",
      "id" : "6ISionOfm9VCredgDEUSIG",
      "name" : "Real Name",
      "popularity" : 58,
      "preview_url" : "https://p.scdn.co/mp3-preview/6de35dd6635bc5f7da79f8173396c5a27236633e?cid=8897482848704f2a8f8d7c79726a70d4",
      "track_number" : 1,
      "type" : "track",
      "uri" : "spotify:track:6ISionOfm9VCredgDEUSIG"
    }
  }, {
    "added_at" : "2017-05-05T00:39:13Z",
    "track" : {
      "album" : {
        "album_type" : "single",
        "artists" : [ {
          "external_urls" : {
            "spotify" : "https://open.spotify.com/artist/2ZRQcIgzPCVaT9XKhXZIzh"
          },
          "href" : "https://api.spotify.com/v1/artists/2ZRQcIgzPCVaT9XKhXZIzh",
          "id" : "2ZRQcIgzPCVaT9XKhXZIzh",
          "name" : "Gryffin",
          "type" : "artist",
          "uri" : "spotify:artist:2ZRQcIgzPCVaT9XKhXZIzh"
        }, {
          "external_urls" : {
            "spotify" : "https://open.spotify.com/artist/45eNHdiiabvmbp4erw26rg"
          },
          "href" : "https://api.spotify.com/v1/artists/45eNHdiiabvmbp4erw26rg",
          "id" : "45eNHdiiabvmbp4erw26rg",
          "name" : "Illenium",
          "type" : "artist",
          "uri" : "spotify:artist:45eNHdiiabvmbp4erw26rg"
        } ],
        "available_markets" : [ "CA", "MX", "US" ],
        "external_urls" : {
          "spotify" : "https://open.spotify.com/album/1fP5UnRB0WNWNHSZRHsRCR"
        },
        "href" : "https://api.spotify.com/v1/albums/1fP5UnRB0WNWNHSZRHsRCR",
        "id" : "1fP5UnRB0WNWNHSZRHsRCR",
        "images" : [ {
          "height" : 640,
          "url" : "https://i.scdn.co/image/45a6c3fdc5a96e122ac0853f4707f46442a0665d",
          "width" : 640
        }, {
          "height" : 300,
          "url" : "https://i.scdn.co/image/396c406a9288f0da231b1c775bff3a56c90fd698",
          "width" : 300
        }, {
          "height" : 64,
          "url" : "https://i.scdn.co/image/8e66004caf59b5b7dbde13cdeeb18bcb5a0e290d",
          "width" : 64
        } ],
        "name" : "Feel Good (feat. Daya)",
        "type" : "album",
        "uri" : "spotify:album:1fP5UnRB0WNWNHSZRHsRCR"
      },
      "artists" : [ {
        "external_urls" : {
          "spotify" : "https://open.spotify.com/artist/2ZRQcIgzPCVaT9XKhXZIzh"
        },
        "href" : "https://api.spotify.com/v1/artists/2ZRQcIgzPCVaT9XKhXZIzh",
        "id" : "2ZRQcIgzPCVaT9XKhXZIzh",
        "name" : "Gryffin",
        "type" : "artist",
        "uri" : "spotify:artist:2ZRQcIgzPCVaT9XKhXZIzh"
      }, {
        "external_urls" : {
          "spotify" : "https://open.spotify.com/artist/45eNHdiiabvmbp4erw26rg"
        },
        "href" : "https://api.spotify.com/v1/artists/45eNHdiiabvmbp4erw26rg",
        "id" : "45eNHdiiabvmbp4erw26rg",
        "name" : "Illenium",
        "type" : "artist",
        "uri" : "spotify:artist:45eNHdiiabvmbp4erw26rg"
      }, {
        "external_urls" : {
          "spotify" : "https://open.spotify.com/artist/6Dd3NScHWwnW6obMFbl1BH"
        },
        "href" : "https://api.spotify.com/v1/artists/6Dd3NScHWwnW6obMFbl1BH",
        "id" : "6Dd3NScHWwnW6obMFbl1BH",
        "name" : "Daya",
        "type" : "artist",
        "uri" : "spotify:artist:6Dd3NScHWwnW6obMFbl1BH"
      } ],
      "available_markets" : [ "CA", "MX", "US" ],
      "disc_number" : 1,
      "duration_ms" : 248156,
      "explicit" : false,
      "external_ids" : {
        "isrc" : "USUM71701083"
      },
      "external_urls" : {
        "spotify" : "https://open.spotify.com/track/0Ev562zA4pmUsBqjxsxxdx"
      },
      "href" : "https://api.spotify.com/v1/tracks/0Ev562zA4pmUsBqjxsxxdx",
      "id" : "0Ev562zA4pmUsBqjxsxxdx",
      "name" : "Feel Good (feat. Daya)",
      "popularity" : 77,
      "preview_url" : "https://p.scdn.co/mp3-preview/90c75f37c284aa4719bcf59a2beb8cc232ef7e9a?cid=8897482848704f2a8f8d7c79726a70d4",
      "track_number" : 1,
      "type" : "track",
      "uri" : "spotify:track:0Ev562zA4pmUsBqjxsxxdx"
    }
  }, {
    "added_at" : "2017-05-04T16:28:44Z",
    "track" : {
      "album" : {
        "album_type" : "single",
        "artists" : [ {
          "external_urls" : {
            "spotify" : "https://open.spotify.com/artist/2FwJwEswyIUAljqgjNSHgP"
          },
          "href" : "https://api.spotify.com/v1/artists/2FwJwEswyIUAljqgjNSHgP",
          "id" : "2FwJwEswyIUAljqgjNSHgP",
          "name" : "Snakehips",
          "type" : "artist",
          "uri" : "spotify:artist:2FwJwEswyIUAljqgjNSHgP"
        } ],
        "available_markets" : [ "GB", "IE" ],
        "external_urls" : {
          "spotify" : "https://open.spotify.com/album/78p565RW8LQwh4m19MFNhm"
        },
        "href" : "https://api.spotify.com/v1/albums/78p565RW8LQwh4m19MFNhm",
        "id" : "78p565RW8LQwh4m19MFNhm",
        "images" : [ {
          "height" : 640,
          "url" : "https://i.scdn.co/image/76640a19656d7f789851258b33db040bae15dad0",
          "width" : 640
        }, {
          "height" : 300,
          "url" : "https://i.scdn.co/image/4a6e1b9a596c5bd96e8b81abc946839f2fb15a94",
          "width" : 300
        }, {
          "height" : 64,
          "url" : "https://i.scdn.co/image/067e61912ac2e0d0b45d36184accd2d838c17fb2",
          "width" : 64
        } ],
        "name" : "Money On Me - EP",
        "type" : "album",
        "uri" : "spotify:album:78p565RW8LQwh4m19MFNhm"
      },
      "artists" : [ {
        "external_urls" : {
          "spotify" : "https://open.spotify.com/artist/2FwJwEswyIUAljqgjNSHgP"
        },
        "href" : "https://api.spotify.com/v1/artists/2FwJwEswyIUAljqgjNSHgP",
        "id" : "2FwJwEswyIUAljqgjNSHgP",
        "name" : "Snakehips",
        "type" : "artist",
        "uri" : "spotify:artist:2FwJwEswyIUAljqgjNSHgP"
      }, {
        "external_urls" : {
          "spotify" : "https://open.spotify.com/artist/3jK9MiCrA42lLAdMGUZpwa"
        },
        "href" : "https://api.spotify.com/v1/artists/3jK9MiCrA42lLAdMGUZpwa",
        "id" : "3jK9MiCrA42lLAdMGUZpwa",
        "name" : "Anderson .Paak",
        "type" : "artist",
        "uri" : "spotify:artist:3jK9MiCrA42lLAdMGUZpwa"
      } ],
      "available_markets" : [ "GB", "IE" ],
      "disc_number" : 1,
      "duration_ms" : 173706,
      "explicit" : true,
      "external_ids" : {
        "isrc" : "GBARL1600311"
      },
      "external_urls" : {
        "spotify" : "https://open.spotify.com/track/1SWBWsj3dSq4USUtHH0Qnd"
      },
      "href" : "https://api.spotify.com/v1/tracks/1SWBWsj3dSq4USUtHH0Qnd",
      "id" : "1SWBWsj3dSq4USUtHH0Qnd",
      "name" : "Money On Me",
      "popularity" : 49,
      "preview_url" : "https://p.scdn.co/mp3-preview/050c6d129a2999167d11278dada8a893874dc1cb?cid=8897482848704f2a8f8d7c79726a70d4",
      "track_number" : 1,
      "type" : "track",
      "uri" : "spotify:track:1SWBWsj3dSq4USUtHH0Qnd"
    }
  }, {
    "added_at" : "2017-05-04T16:24:53Z",
    "track" : {
      "album" : {
        "album_type" : "single",
        "artists" : [ {
          "external_urls" : {
            "spotify" : "https://open.spotify.com/artist/0nKJSVUNATMNAIiCGR45M5"
          },
          "href" : "https://api.spotify.com/v1/artists/0nKJSVUNATMNAIiCGR45M5",
          "id" : "0nKJSVUNATMNAIiCGR45M5",
          "name" : "Nav Tre",
          "type" : "artist",
          "uri" : "spotify:artist:0nKJSVUNATMNAIiCGR45M5"
        } ],
        "available_markets" : [ "AD", "AR", "AT", "AU", "BE", "BG", "BO", "BR", "CA", "CH", "CL", "CO", "CR", "CY", "CZ", "DE", "DK", "DO", "EC", "EE", "ES", "FI", "FR", "GB", "GR", "GT", "HK", "HN", "HU", "ID", "IE", "IS", "IT", "JP", "LI", "LT", "LU", "LV", "MC", "MT", "MX", "MY", "NI", "NL", "NO", "NZ", "PA", "PE", "PH", "PL", "PT", "PY", "SE", "SG", "SK", "SV", "TR", "TW", "US", "UY" ],
        "external_urls" : {
          "spotify" : "https://open.spotify.com/album/0eImCJxeJsfVgAjTac2dHW"
        },
        "href" : "https://api.spotify.com/v1/albums/0eImCJxeJsfVgAjTac2dHW",
        "id" : "0eImCJxeJsfVgAjTac2dHW",
        "images" : [ {
          "height" : 640,
          "url" : "https://i.scdn.co/image/848c3ad333bac574131cfa664403e1492d155caf",
          "width" : 640
        }, {
          "height" : 300,
          "url" : "https://i.scdn.co/image/f45a36105753a8b359bf3f4471b81bab84c16c82",
          "width" : 300
        }, {
          "height" : 64,
          "url" : "https://i.scdn.co/image/f1e368128177aaeb79fc7bb1fff7fdc547f0e555",
          "width" : 64
        } ],
        "name" : "Lay You Down",
        "type" : "album",
        "uri" : "spotify:album:0eImCJxeJsfVgAjTac2dHW"
      },
      "artists" : [ {
        "external_urls" : {
          "spotify" : "https://open.spotify.com/artist/0nKJSVUNATMNAIiCGR45M5"
        },
        "href" : "https://api.spotify.com/v1/artists/0nKJSVUNATMNAIiCGR45M5",
        "id" : "0nKJSVUNATMNAIiCGR45M5",
        "name" : "Nav Tre",
        "type" : "artist",
        "uri" : "spotify:artist:0nKJSVUNATMNAIiCGR45M5"
      } ],
      "available_markets" : [ "AD", "AR", "AT", "AU", "BE", "BG", "BO", "BR", "CA", "CH", "CL", "CO", "CR", "CY", "CZ", "DE", "DK", "DO", "EC", "EE", "ES", "FI", "FR", "GB", "GR", "GT", "HK", "HN", "HU", "ID", "IE", "IS", "IT", "JP", "LI", "LT", "LU", "LV", "MC", "MT", "MX", "MY", "NI", "NL", "NO", "NZ", "PA", "PE", "PH", "PL", "PT", "PY", "SE", "SG", "SK", "SV", "TR", "TW", "US", "UY" ],
      "disc_number" : 1,
      "duration_ms" : 238262,
      "explicit" : false,
      "external_ids" : {
        "isrc" : "GBLFP1571712"
      },
      "external_urls" : {
        "spotify" : "https://open.spotify.com/track/1TfoQDkbDYrL9pPm648gJl"
      },
      "href" : "https://api.spotify.com/v1/tracks/1TfoQDkbDYrL9pPm648gJl",
      "id" : "1TfoQDkbDYrL9pPm648gJl",
      "name" : "Lay You Down",
      "popularity" : 50,
      "preview_url" : "https://p.scdn.co/mp3-preview/dde176129d7f2c7d2395bb47f399bb7729504beb?cid=8897482848704f2a8f8d7c79726a70d4",
      "track_number" : 1,
      "type" : "track",
      "uri" : "spotify:track:1TfoQDkbDYrL9pPm648gJl"
    }
  }, {
    "added_at" : "2017-04-30T05:44:38Z",
    "track" : {
      "album" : {
        "album_type" : "album",
        "artists" : [ {
          "external_urls" : {
            "spotify" : "https://open.spotify.com/artist/0aA1GTrIMutjIh4GlPPUVN"
          },
          "href" : "https://api.spotify.com/v1/artists/0aA1GTrIMutjIh4GlPPUVN",
          "id" : "0aA1GTrIMutjIh4GlPPUVN",
          "name" : "Crooked Colours",
          "type" : "artist",
          "uri" : "spotify:artist:0aA1GTrIMutjIh4GlPPUVN"
        } ],
        "available_markets" : [ "AD", "AR", "AT", "BE", "BG", "BO", "BR", "CA", "CH", "CL", "CO", "CR", "CY", "CZ", "DE", "DK", "DO", "EC", "EE", "ES", "FI", "FR", "GB", "GR", "GT", "HK", "HN", "HU", "ID", "IE", "IS", "IT", "JP", "LI", "LT", "LU", "LV", "MC", "MT", "MX", "MY", "NI", "NL", "NO", "PA", "PE", "PH", "PL", "PT", "PY", "SE", "SG", "SK", "SV", "TR", "TW", "US", "UY" ],
        "external_urls" : {
          "spotify" : "https://open.spotify.com/album/3X5CLlg5PAmgrHgOBFySAe"
        },
        "href" : "https://api.spotify.com/v1/albums/3X5CLlg5PAmgrHgOBFySAe",
        "id" : "3X5CLlg5PAmgrHgOBFySAe",
        "images" : [ {
          "height" : 640,
          "url" : "https://i.scdn.co/image/c75b2e58b8f1b507e9ffee2cec0b3705065701da",
          "width" : 640
        }, {
          "height" : 300,
          "url" : "https://i.scdn.co/image/d9c95d693224cc17722933ee0cf5c65384549204",
          "width" : 300
        }, {
          "height" : 64,
          "url" : "https://i.scdn.co/image/f3afc74d847e98cc275bf25d960c8358969c62bd",
          "width" : 64
        } ],
        "name" : "Vera",
        "type" : "album",
        "uri" : "spotify:album:3X5CLlg5PAmgrHgOBFySAe"
      },
      "artists" : [ {
        "external_urls" : {
          "spotify" : "https://open.spotify.com/artist/0aA1GTrIMutjIh4GlPPUVN"
        },
        "href" : "https://api.spotify.com/v1/artists/0aA1GTrIMutjIh4GlPPUVN",
        "id" : "0aA1GTrIMutjIh4GlPPUVN",
        "name" : "Crooked Colours",
        "type" : "artist",
        "uri" : "spotify:artist:0aA1GTrIMutjIh4GlPPUVN"
      }, {
        "external_urls" : {
          "spotify" : "https://open.spotify.com/artist/3ZIlpGT2OUwyvxiCWJhIel"
        },
        "href" : "https://api.spotify.com/v1/artists/3ZIlpGT2OUwyvxiCWJhIel",
        "id" : "3ZIlpGT2OUwyvxiCWJhIel",
        "name" : "Ivan Ooze",
        "type" : "artist",
        "uri" : "spotify:artist:3ZIlpGT2OUwyvxiCWJhIel"
      } ],
      "available_markets" : [ "AD", "AR", "AT", "BE", "BG", "BO", "BR", "CA", "CH", "CL", "CO", "CR", "CY", "CZ", "DE", "DK", "DO", "EC", "EE", "ES", "FI", "FR", "GB", "GR", "GT", "HK", "HN", "HU", "ID", "IE", "IS", "IT", "JP", "LI", "LT", "LU", "LV", "MC", "MT", "MX", "MY", "NI", "NL", "NO", "PA", "PE", "PH", "PL", "PT", "PY", "SE", "SG", "SK", "SV", "TR", "TW", "US", "UY" ],
      "disc_number" : 1,
      "duration_ms" : 200400,
      "explicit" : false,
      "external_ids" : {
        "isrc" : "AUDCB1701010"
      },
      "external_urls" : {
        "spotify" : "https://open.spotify.com/track/3hE2oRxFPuEsn7GMQaU1Te"
      },
      "href" : "https://api.spotify.com/v1/tracks/3hE2oRxFPuEsn7GMQaU1Te",
      "id" : "3hE2oRxFPuEsn7GMQaU1Te",
      "name" : "I Hope You Get It (feat. Ivan Ooze)",
      "popularity" : 37,
      "preview_url" : "https://p.scdn.co/mp3-preview/0ed699d248b0b590a4607e441b8c0e608295adde?cid=8897482848704f2a8f8d7c79726a70d4",
      "track_number" : 3,
      "type" : "track",
      "uri" : "spotify:track:3hE2oRxFPuEsn7GMQaU1Te"
    }
  }, {
    "added_at" : "2017-04-25T21:41:15Z",
    "track" : {
      "album" : {
        "album_type" : "single",
        "artists" : [ {
          "external_urls" : {
            "spotify" : "https://open.spotify.com/artist/5pKCCKE2ajJHZ9KAiaK11H"
          },
          "href" : "https://api.spotify.com/v1/artists/5pKCCKE2ajJHZ9KAiaK11H",
          "id" : "5pKCCKE2ajJHZ9KAiaK11H",
          "name" : "Rihanna",
          "type" : "artist",
          "uri" : "spotify:artist:5pKCCKE2ajJHZ9KAiaK11H"
        } ],
        "available_markets" : [ "CA", "US" ],
        "external_urls" : {
          "spotify" : "https://open.spotify.com/album/6sGX1OwHjj7BZZlJnkiUml"
        },
        "href" : "https://api.spotify.com/v1/albums/6sGX1OwHjj7BZZlJnkiUml",
        "id" : "6sGX1OwHjj7BZZlJnkiUml",
        "images" : [ {
          "height" : 640,
          "url" : "https://i.scdn.co/image/f1dc5e32dfc72828ef0fe110d1bef0640551ac9d",
          "width" : 640
        }, {
          "height" : 300,
          "url" : "https://i.scdn.co/image/dd689c7e0b70d99a34bb25c80abb615b0b4c378f",
          "width" : 300
        }, {
          "height" : 64,
          "url" : "https://i.scdn.co/image/ebe55440f49f17548c54e36657f5e7fd8e80cbf1",
          "width" : 64
        } ],
        "name" : "Pose (Dance Remixes)",
        "type" : "album",
        "uri" : "spotify:album:6sGX1OwHjj7BZZlJnkiUml"
      },
      "artists" : [ {
        "external_urls" : {
          "spotify" : "https://open.spotify.com/artist/5pKCCKE2ajJHZ9KAiaK11H"
        },
        "href" : "https://api.spotify.com/v1/artists/5pKCCKE2ajJHZ9KAiaK11H",
        "id" : "5pKCCKE2ajJHZ9KAiaK11H",
        "name" : "Rihanna",
        "type" : "artist",
        "uri" : "spotify:artist:5pKCCKE2ajJHZ9KAiaK11H"
      }, {
        "external_urls" : {
          "spotify" : "https://open.spotify.com/artist/638CPU1xRHUo6AmfZe3F2c"
        },
        "href" : "https://api.spotify.com/v1/artists/638CPU1xRHUo6AmfZe3F2c",
        "id" : "638CPU1xRHUo6AmfZe3F2c",
        "name" : "Eva Shaw",
        "type" : "artist",
        "uri" : "spotify:artist:638CPU1xRHUo6AmfZe3F2c"
      } ],
      "available_markets" : [ "CA", "US" ],
      "disc_number" : 1,
      "duration_ms" : 131226,
      "explicit" : false,
      "external_ids" : {
        "isrc" : "QM5FT1700239"
      },
      "external_urls" : {
        "spotify" : "https://open.spotify.com/track/6A3jho0DmzfAtSDsiZdfFd"
      },
      "href" : "https://api.spotify.com/v1/tracks/6A3jho0DmzfAtSDsiZdfFd",
      "id" : "6A3jho0DmzfAtSDsiZdfFd",
      "name" : "Pose - Eva Shaw Remix",
      "popularity" : 55,
      "preview_url" : "https://p.scdn.co/mp3-preview/b5d240cb4b318614ddd3e405b40e04391d7e5dca?cid=8897482848704f2a8f8d7c79726a70d4",
      "track_number" : 4,
      "type" : "track",
      "uri" : "spotify:track:6A3jho0DmzfAtSDsiZdfFd"
    }
  }, {
    "added_at" : "2017-04-25T06:25:39Z",
    "track" : {
      "album" : {
        "album_type" : "album",
        "artists" : [ {
          "external_urls" : {
            "spotify" : "https://open.spotify.com/artist/06xa1OLBsMQJFXcl2tQkH4"
          },
          "href" : "https://api.spotify.com/v1/artists/06xa1OLBsMQJFXcl2tQkH4",
          "id" : "06xa1OLBsMQJFXcl2tQkH4",
          "name" : "Machinedrum",
          "type" : "artist",
          "uri" : "spotify:artist:06xa1OLBsMQJFXcl2tQkH4"
        } ],
        "available_markets" : [ "AD", "AR", "AT", "BE", "BG", "BO", "BR", "CA", "CH", "CL", "CO", "CR", "CY", "CZ", "DE", "DK", "DO", "EC", "EE", "ES", "FI", "FR", "GB", "GR", "GT", "HK", "HN", "HU", "ID", "IE", "IS", "IT", "LI", "LT", "LU", "LV", "MC", "MT", "MX", "MY", "NI", "NL", "NO", "PA", "PE", "PH", "PL", "PT", "PY", "SE", "SG", "SK", "SV", "TR", "TW", "US", "UY" ],
        "external_urls" : {
          "spotify" : "https://open.spotify.com/album/5mvjXE0GQ6qm9IsoUGykAE"
        },
        "href" : "https://api.spotify.com/v1/albums/5mvjXE0GQ6qm9IsoUGykAE",
        "id" : "5mvjXE0GQ6qm9IsoUGykAE",
        "images" : [ {
          "height" : 640,
          "url" : "https://i.scdn.co/image/ad3dd3f67be5f958ee738b3f41c3341ac539976b",
          "width" : 640
        }, {
          "height" : 300,
          "url" : "https://i.scdn.co/image/4bb8cf8c56a4656129ed620dc6b59c8a82822e65",
          "width" : 300
        }, {
          "height" : 64,
          "url" : "https://i.scdn.co/image/9b035f05bf1efdf95ea8f7cce8f98d28a6e3257c",
          "width" : 64
        } ],
        "name" : "Human Energy",
        "type" : "album",
        "uri" : "spotify:album:5mvjXE0GQ6qm9IsoUGykAE"
      },
      "artists" : [ {
        "external_urls" : {
          "spotify" : "https://open.spotify.com/artist/06xa1OLBsMQJFXcl2tQkH4"
        },
        "href" : "https://api.spotify.com/v1/artists/06xa1OLBsMQJFXcl2tQkH4",
        "id" : "06xa1OLBsMQJFXcl2tQkH4",
        "name" : "Machinedrum",
        "type" : "artist",
        "uri" : "spotify:artist:06xa1OLBsMQJFXcl2tQkH4"
      } ],
      "available_markets" : [ "AD", "AR", "AT", "BE", "BG", "BO", "BR", "CA", "CH", "CL", "CO", "CR", "CY", "CZ", "DE", "DK", "DO", "EC", "EE", "ES", "FI", "FR", "GB", "GR", "GT", "HK", "HN", "HU", "ID", "IE", "IS", "IT", "LI", "LT", "LU", "LV", "MC", "MT", "MX", "MY", "NI", "NL", "NO", "PA", "PE", "PH", "PL", "PT", "PY", "SE", "SG", "SK", "SV", "TR", "TW", "US", "UY" ],
      "disc_number" : 1,
      "duration_ms" : 97599,
      "explicit" : false,
      "external_ids" : {
        "isrc" : "GBCFB1604012"
      },
      "external_urls" : {
        "spotify" : "https://open.spotify.com/track/2V37GP6a9cCyIxUzvJvJPl"
      },
      "href" : "https://api.spotify.com/v1/tracks/2V37GP6a9cCyIxUzvJvJPl",
      "id" : "2V37GP6a9cCyIxUzvJvJPl",
      "name" : "Etheric Body Temple",
      "popularity" : 27,
      "preview_url" : "https://p.scdn.co/mp3-preview/ee22110e9fdb5291b7f66166dd754d5b6e7bbd76?cid=8897482848704f2a8f8d7c79726a70d4",
      "track_number" : 12,
      "type" : "track",
      "uri" : "spotify:track:2V37GP6a9cCyIxUzvJvJPl"
    }
  }, {
    "added_at" : "2017-04-25T06:15:59Z",
    "track" : {
      "album" : {
        "album_type" : "album",
        "artists" : [ {
          "external_urls" : {
            "spotify" : "https://open.spotify.com/artist/14H7ag1wpQOsPPQJOD6Dqr"
          },
          "href" : "https://api.spotify.com/v1/artists/14H7ag1wpQOsPPQJOD6Dqr",
          "id" : "14H7ag1wpQOsPPQJOD6Dqr",
          "name" : "Zero 7",
          "type" : "artist",
          "uri" : "spotify:artist:14H7ag1wpQOsPPQJOD6Dqr"
        } ],
        "available_markets" : [ "CA", "MX", "US" ],
        "external_urls" : {
          "spotify" : "https://open.spotify.com/album/3NvOTv5VTqhCz2qG6yjQra"
        },
        "href" : "https://api.spotify.com/v1/albums/3NvOTv5VTqhCz2qG6yjQra",
        "id" : "3NvOTv5VTqhCz2qG6yjQra",
        "images" : [ {
          "height" : 637,
          "url" : "https://i.scdn.co/image/65e9ec4d9303f78ff278acaa961f374d6027b8d4",
          "width" : 640
        }, {
          "height" : 299,
          "url" : "https://i.scdn.co/image/fe19449e4ea2cd5c95e9e3fa0e3fa2522b369bd2",
          "width" : 300
        }, {
          "height" : 64,
          "url" : "https://i.scdn.co/image/821fc6f99c6963289932c6b225354fa528f17ba9",
          "width" : 64
        } ],
        "name" : "RECORD",
        "type" : "album",
        "uri" : "spotify:album:3NvOTv5VTqhCz2qG6yjQra"
      },
      "artists" : [ {
        "external_urls" : {
          "spotify" : "https://open.spotify.com/artist/14H7ag1wpQOsPPQJOD6Dqr"
        },
        "href" : "https://api.spotify.com/v1/artists/14H7ag1wpQOsPPQJOD6Dqr",
        "id" : "14H7ag1wpQOsPPQJOD6Dqr",
        "name" : "Zero 7",
        "type" : "artist",
        "uri" : "spotify:artist:14H7ag1wpQOsPPQJOD6Dqr"
      } ],
      "available_markets" : [ "CA", "MX", "US" ],
      "disc_number" : 1,
      "duration_ms" : 339826,
      "explicit" : false,
      "external_ids" : {
        "isrc" : "GBCHV0150163"
      },
      "external_urls" : {
        "spotify" : "https://open.spotify.com/track/2fezlPyF8GNdKXv9cYAi0T"
      },
      "href" : "https://api.spotify.com/v1/tracks/2fezlPyF8GNdKXv9cYAi0T",
      "id" : "2fezlPyF8GNdKXv9cYAi0T",
      "name" : "Destiny",
      "popularity" : 50,
      "preview_url" : "https://p.scdn.co/mp3-preview/9006d0a5a88c52bafea351cecffe774f5c63d932?cid=8897482848704f2a8f8d7c79726a70d4",
      "track_number" : 4,
      "type" : "track",
      "uri" : "spotify:track:2fezlPyF8GNdKXv9cYAi0T"
    }
  }, {
    "added_at" : "2017-04-25T05:15:43Z",
    "track" : {
      "album" : {
        "album_type" : "album",
        "artists" : [ {
          "external_urls" : {
            "spotify" : "https://open.spotify.com/artist/0cmWgDlu9CwTgxPhf403hb"
          },
          "href" : "https://api.spotify.com/v1/artists/0cmWgDlu9CwTgxPhf403hb",
          "id" : "0cmWgDlu9CwTgxPhf403hb",
          "name" : "Bonobo",
          "type" : "artist",
          "uri" : "spotify:artist:0cmWgDlu9CwTgxPhf403hb"
        } ],
        "available_markets" : [ "AD", "AR", "AT", "BE", "BG", "BO", "BR", "CA", "CH", "CL", "CO", "CR", "CY", "CZ", "DE", "DK", "DO", "EC", "EE", "ES", "FI", "FR", "GB", "GR", "GT", "HK", "HN", "HU", "ID", "IE", "IS", "IT", "LI", "LT", "LU", "LV", "MC", "MT", "MX", "MY", "NI", "NL", "NO", "PA", "PE", "PH", "PL", "PT", "PY", "SE", "SG", "SK", "SV", "TR", "TW", "US", "UY" ],
        "external_urls" : {
          "spotify" : "https://open.spotify.com/album/2T64N96AVfsrRFJCUXQEoZ"
        },
        "href" : "https://api.spotify.com/v1/albums/2T64N96AVfsrRFJCUXQEoZ",
        "id" : "2T64N96AVfsrRFJCUXQEoZ",
        "images" : [ {
          "height" : 640,
          "url" : "https://i.scdn.co/image/3aae8faf95c81e2f6aa016e2d1f3889059d3b7f6",
          "width" : 640
        }, {
          "height" : 300,
          "url" : "https://i.scdn.co/image/9774e49dffe7c3fd167a20037b111e9a073f5f6c",
          "width" : 300
        }, {
          "height" : 64,
          "url" : "https://i.scdn.co/image/6838af338394bb7a63596505d2182b754a0784af",
          "width" : 64
        } ],
        "name" : "Migration",
        "type" : "album",
        "uri" : "spotify:album:2T64N96AVfsrRFJCUXQEoZ"
      },
      "artists" : [ {
        "external_urls" : {
          "spotify" : "https://open.spotify.com/artist/0cmWgDlu9CwTgxPhf403hb"
        },
        "href" : "https://api.spotify.com/v1/artists/0cmWgDlu9CwTgxPhf403hb",
        "id" : "0cmWgDlu9CwTgxPhf403hb",
        "name" : "Bonobo",
        "type" : "artist",
        "uri" : "spotify:artist:0cmWgDlu9CwTgxPhf403hb"
      } ],
      "available_markets" : [ "AD", "AR", "AT", "BE", "BG", "BO", "BR", "CA", "CH", "CL", "CO", "CR", "CY", "CZ", "DE", "DK", "DO", "EC", "EE", "ES", "FI", "FR", "GB", "GR", "GT", "HK", "HN", "HU", "ID", "IE", "IS", "IT", "LI", "LT", "LU", "LV", "MC", "MT", "MX", "MY", "NI", "NL", "NO", "PA", "PE", "PH", "PL", "PT", "PY", "SE", "SG", "SK", "SV", "TR", "TW", "US", "UY" ],
      "disc_number" : 1,
      "duration_ms" : 232549,
      "explicit" : false,
      "external_ids" : {
        "isrc" : "GBCFB1604709"
      },
      "external_urls" : {
        "spotify" : "https://open.spotify.com/track/4GroumsjzAcgCwJzTGY7px"
      },
      "href" : "https://api.spotify.com/v1/tracks/4GroumsjzAcgCwJzTGY7px",
      "id" : "4GroumsjzAcgCwJzTGY7px",
      "name" : "Ontario",
      "popularity" : 58,
      "preview_url" : "https://p.scdn.co/mp3-preview/570f27d934c9bd5ac5227f6a2e7dd16bca2c2d02?cid=8897482848704f2a8f8d7c79726a70d4",
      "track_number" : 9,
      "type" : "track",
      "uri" : "spotify:track:4GroumsjzAcgCwJzTGY7px"
    }
  }, {
    "added_at" : "2017-04-25T00:04:33Z",
    "track" : {
      "album" : {
        "album_type" : "album",
        "artists" : [ {
          "external_urls" : {
            "spotify" : "https://open.spotify.com/artist/6nxWCVXbOlEVRexSbLsTer"
          },
          "href" : "https://api.spotify.com/v1/artists/6nxWCVXbOlEVRexSbLsTer",
          "id" : "6nxWCVXbOlEVRexSbLsTer",
          "name" : "Flume",
          "type" : "artist",
          "uri" : "spotify:artist:6nxWCVXbOlEVRexSbLsTer"
        } ],
        "available_markets" : [ "CA", "MX", "US" ],
        "external_urls" : {
          "spotify" : "https://open.spotify.com/album/1V1oc7szVubqNCCp4LPbkM"
        },
        "href" : "https://api.spotify.com/v1/albums/1V1oc7szVubqNCCp4LPbkM",
        "id" : "1V1oc7szVubqNCCp4LPbkM",
        "images" : [ {
          "height" : 640,
          "url" : "https://i.scdn.co/image/85db39a03d486ed4e232b44a30fd44cbe873fb6d",
          "width" : 640
        }, {
          "height" : 300,
          "url" : "https://i.scdn.co/image/b3f4d697fb9e9161706deb70ba3621b5115368cb",
          "width" : 300
        }, {
          "height" : 64,
          "url" : "https://i.scdn.co/image/217b44720e53df83f2811103d66001dc3fa75156",
          "width" : 64
        } ],
        "name" : "Skin: The Remixes",
        "type" : "album",
        "uri" : "spotify:album:1V1oc7szVubqNCCp4LPbkM"
      },
      "artists" : [ {
        "external_urls" : {
          "spotify" : "https://open.spotify.com/artist/6nxWCVXbOlEVRexSbLsTer"
        },
        "href" : "https://api.spotify.com/v1/artists/6nxWCVXbOlEVRexSbLsTer",
        "id" : "6nxWCVXbOlEVRexSbLsTer",
        "name" : "Flume",
        "type" : "artist",
        "uri" : "spotify:artist:6nxWCVXbOlEVRexSbLsTer"
      }, {
        "external_urls" : {
          "spotify" : "https://open.spotify.com/artist/7gQNLR8mykA1KjGClbPYHe"
        },
        "href" : "https://api.spotify.com/v1/artists/7gQNLR8mykA1KjGClbPYHe",
        "id" : "7gQNLR8mykA1KjGClbPYHe",
        "name" : "MNDR",
        "type" : "artist",
        "uri" : "spotify:artist:7gQNLR8mykA1KjGClbPYHe"
      }, {
        "external_urls" : {
          "spotify" : "https://open.spotify.com/artist/0ygIgsjUzKivFgxgjQ9iV9"
        },
        "href" : "https://api.spotify.com/v1/artists/0ygIgsjUzKivFgxgjQ9iV9",
        "id" : "0ygIgsjUzKivFgxgjQ9iV9",
        "name" : "Jacques Greene",
        "type" : "artist",
        "uri" : "spotify:artist:0ygIgsjUzKivFgxgjQ9iV9"
      } ],
      "available_markets" : [ "CA", "MX", "US" ],
      "disc_number" : 1,
      "duration_ms" : 216410,
      "explicit" : false,
      "external_ids" : {
        "isrc" : "AUFF01700032"
      },
      "external_urls" : {
        "spotify" : "https://open.spotify.com/track/0bJbyM0q5tUPKFi2p3cLej"
      },
      "href" : "https://api.spotify.com/v1/tracks/0bJbyM0q5tUPKFi2p3cLej",
      "id" : "0bJbyM0q5tUPKFi2p3cLej",
      "name" : "Like Water - Jacques Greene Remix",
      "popularity" : 52,
      "preview_url" : "https://p.scdn.co/mp3-preview/9bccfc6986fcd7639ca1f34ccf943caf791423cd?cid=8897482848704f2a8f8d7c79726a70d4",
      "track_number" : 2,
      "type" : "track",
      "uri" : "spotify:track:0bJbyM0q5tUPKFi2p3cLej"
    }
  }, {
    "added_at" : "2017-04-24T22:43:36Z",
    "track" : {
      "album" : {
        "album_type" : "album",
        "artists" : [ {
          "external_urls" : {
            "spotify" : "https://open.spotify.com/artist/0PxzGnCYBpSuaI49OR94cA"
          },
          "href" : "https://api.spotify.com/v1/artists/0PxzGnCYBpSuaI49OR94cA",
          "id" : "0PxzGnCYBpSuaI49OR94cA",
          "name" : "Big Wild",
          "type" : "artist",
          "uri" : "spotify:artist:0PxzGnCYBpSuaI49OR94cA"
        } ],
        "available_markets" : [ "AR", "BO", "BR", "CA", "CL", "CO", "EC", "MX", "PE", "PY", "US", "UY" ],
        "external_urls" : {
          "spotify" : "https://open.spotify.com/album/4Fbe1OKsl6BdOYKix4j6Lu"
        },
        "href" : "https://api.spotify.com/v1/albums/4Fbe1OKsl6BdOYKix4j6Lu",
        "id" : "4Fbe1OKsl6BdOYKix4j6Lu",
        "images" : [ {
          "height" : 640,
          "url" : "https://i.scdn.co/image/f3cf1262bffa413a1cc4793378c36024540cef1a",
          "width" : 640
        }, {
          "height" : 300,
          "url" : "https://i.scdn.co/image/01bcd9ce13621dbdcd7991de84281856aae17504",
          "width" : 300
        }, {
          "height" : 64,
          "url" : "https://i.scdn.co/image/fb8dac9d3ff8a3cc64ad62590961e4d1f90e1349",
          "width" : 64
        } ],
        "name" : "Empty Room",
        "type" : "album",
        "uri" : "spotify:album:4Fbe1OKsl6BdOYKix4j6Lu"
      },
      "artists" : [ {
        "external_urls" : {
          "spotify" : "https://open.spotify.com/artist/0PxzGnCYBpSuaI49OR94cA"
        },
        "href" : "https://api.spotify.com/v1/artists/0PxzGnCYBpSuaI49OR94cA",
        "id" : "0PxzGnCYBpSuaI49OR94cA",
        "name" : "Big Wild",
        "type" : "artist",
        "uri" : "spotify:artist:0PxzGnCYBpSuaI49OR94cA"
      }, {
        "external_urls" : {
          "spotify" : "https://open.spotify.com/artist/3kHVioJpVxlazAAKQ64pC1"
        },
        "href" : "https://api.spotify.com/v1/artists/3kHVioJpVxlazAAKQ64pC1",
        "id" : "3kHVioJpVxlazAAKQ64pC1",
        "name" : "Yuna",
        "type" : "artist",
        "uri" : "spotify:artist:3kHVioJpVxlazAAKQ64pC1"
      }, {
        "external_urls" : {
          "spotify" : "https://open.spotify.com/artist/44hPDOKyTwkFxOL08UzNQE"
        },
        "href" : "https://api.spotify.com/v1/artists/44hPDOKyTwkFxOL08UzNQE",
        "id" : "44hPDOKyTwkFxOL08UzNQE",
        "name" : "Cabu",
        "type" : "artist",
        "uri" : "spotify:artist:44hPDOKyTwkFxOL08UzNQE"
      } ],
      "available_markets" : [ "AR", "BO", "BR", "CA", "CL", "CO", "EC", "MX", "PE", "PY", "US", "UY" ],
      "disc_number" : 1,
      "duration_ms" : 226978,
      "explicit" : false,
      "external_ids" : {
        "isrc" : "USQY51733654"
      },
      "external_urls" : {
        "spotify" : "https://open.spotify.com/track/7dEYUkZMdUs7rfOKRMr5lO"
      },
      "href" : "https://api.spotify.com/v1/tracks/7dEYUkZMdUs7rfOKRMr5lO",
      "id" : "7dEYUkZMdUs7rfOKRMr5lO",
      "name" : "Empty Room - Cabu Remix",
      "popularity" : 43,
      "preview_url" : "https://p.scdn.co/mp3-preview/962b32aef286a1de2e1c0b1f2d67cc590d233a09?cid=8897482848704f2a8f8d7c79726a70d4",
      "track_number" : 4,
      "type" : "track",
      "uri" : "spotify:track:7dEYUkZMdUs7rfOKRMr5lO"
    }
  }, {
    "added_at" : "2017-04-23T01:39:09Z",
    "track" : {
      "album" : {
        "album_type" : "album",
        "artists" : [ {
          "external_urls" : {
            "spotify" : "https://open.spotify.com/artist/5juOkIIy18sFw9L30syt1Z"
          },
          "href" : "https://api.spotify.com/v1/artists/5juOkIIy18sFw9L30syt1Z",
          "id" : "5juOkIIy18sFw9L30syt1Z",
          "name" : "Washed Out",
          "type" : "artist",
          "uri" : "spotify:artist:5juOkIIy18sFw9L30syt1Z"
        } ],
        "available_markets" : [ "CA", "CR", "DO", "GT", "HN", "NI", "PA", "SV", "US" ],
        "external_urls" : {
          "spotify" : "https://open.spotify.com/album/1NTLKANenV7OuwDi37QUhQ"
        },
        "href" : "https://api.spotify.com/v1/albums/1NTLKANenV7OuwDi37QUhQ",
        "id" : "1NTLKANenV7OuwDi37QUhQ",
        "images" : [ {
          "height" : 640,
          "url" : "https://i.scdn.co/image/99cb7892224f960a6b34245b2cb8906962a140bc",
          "width" : 640
        }, {
          "height" : 300,
          "url" : "https://i.scdn.co/image/4d1072c53bc878506c20acca247a30f0d95ec00a",
          "width" : 300
        }, {
          "height" : 64,
          "url" : "https://i.scdn.co/image/896f521db70a973a543fa7523994176f757bd790",
          "width" : 64
        } ],
        "name" : "Paracosm",
        "type" : "album",
        "uri" : "spotify:album:1NTLKANenV7OuwDi37QUhQ"
      },
      "artists" : [ {
        "external_urls" : {
          "spotify" : "https://open.spotify.com/artist/5juOkIIy18sFw9L30syt1Z"
        },
        "href" : "https://api.spotify.com/v1/artists/5juOkIIy18sFw9L30syt1Z",
        "id" : "5juOkIIy18sFw9L30syt1Z",
        "name" : "Washed Out",
        "type" : "artist",
        "uri" : "spotify:artist:5juOkIIy18sFw9L30syt1Z"
      } ],
      "available_markets" : [ "CA", "CR", "DO", "GT", "HN", "NI", "PA", "SV", "US" ],
      "disc_number" : 1,
      "duration_ms" : 245880,
      "explicit" : false,
      "external_ids" : {
        "isrc" : "USSUB1305502"
      },
      "external_urls" : {
        "spotify" : "https://open.spotify.com/track/3FCmZ3ONp13Wn083Fl2K3H"
      },
      "href" : "https://api.spotify.com/v1/tracks/3FCmZ3ONp13Wn083Fl2K3H",
      "id" : "3FCmZ3ONp13Wn083Fl2K3H",
      "name" : "It All Feels Right",
      "popularity" : 59,
      "preview_url" : "https://p.scdn.co/mp3-preview/bc2055ec18c0a91d96fb5bdc1a5dc3afe2db1f1e?cid=8897482848704f2a8f8d7c79726a70d4",
      "track_number" : 2,
      "type" : "track",
      "uri" : "spotify:track:3FCmZ3ONp13Wn083Fl2K3H"
    }
  }, {
    "added_at" : "2017-04-23T01:37:35Z",
    "track" : {
      "album" : {
        "album_type" : "album",
        "artists" : [ {
          "external_urls" : {
            "spotify" : "https://open.spotify.com/artist/6O4EGCCb6DoIiR6B1QCQgp"
          },
          "href" : "https://api.spotify.com/v1/artists/6O4EGCCb6DoIiR6B1QCQgp",
          "id" : "6O4EGCCb6DoIiR6B1QCQgp",
          "name" : "Toro y Moi",
          "type" : "artist",
          "uri" : "spotify:artist:6O4EGCCb6DoIiR6B1QCQgp"
        } ],
        "available_markets" : [ "AR", "BO", "CA", "CL", "CO", "CR", "DO", "EC", "GT", "HK", "HN", "ID", "MX", "MY", "NI", "PA", "PE", "PH", "PY", "SG", "SV", "US", "UY" ],
        "external_urls" : {
          "spotify" : "https://open.spotify.com/album/3xDRuOqakukb1SjHQG4WWc"
        },
        "href" : "https://api.spotify.com/v1/albums/3xDRuOqakukb1SjHQG4WWc",
        "id" : "3xDRuOqakukb1SjHQG4WWc",
        "images" : [ {
          "height" : 640,
          "url" : "https://i.scdn.co/image/6aa7dcecd1fded91a7502d9e4354c2490df0a7dc",
          "width" : 640
        }, {
          "height" : 300,
          "url" : "https://i.scdn.co/image/6307f5dcfb1d8610f03bc53c5da7cf881c5c9d3c",
          "width" : 300
        }, {
          "height" : 64,
          "url" : "https://i.scdn.co/image/6843e946ec67985e1d713de9138d015279e5528d",
          "width" : 64
        } ],
        "name" : "Anything In Return",
        "type" : "album",
        "uri" : "spotify:album:3xDRuOqakukb1SjHQG4WWc"
      },
      "artists" : [ {
        "external_urls" : {
          "spotify" : "https://open.spotify.com/artist/6O4EGCCb6DoIiR6B1QCQgp"
        },
        "href" : "https://api.spotify.com/v1/artists/6O4EGCCb6DoIiR6B1QCQgp",
        "id" : "6O4EGCCb6DoIiR6B1QCQgp",
        "name" : "Toro y Moi",
        "type" : "artist",
        "uri" : "spotify:artist:6O4EGCCb6DoIiR6B1QCQgp"
      } ],
      "available_markets" : [ "AR", "BO", "CA", "CL", "CO", "CR", "DO", "EC", "GT", "HK", "HN", "ID", "MX", "MY", "NI", "PA", "PE", "PH", "PY", "SG", "SV", "US", "UY" ],
      "disc_number" : 1,
      "duration_ms" : 284346,
      "explicit" : false,
      "external_ids" : {
        "isrc" : "US22N1307702"
      },
      "external_urls" : {
        "spotify" : "https://open.spotify.com/track/1tH0Xwni0oJe4DI6O7naRW"
      },
      "href" : "https://api.spotify.com/v1/tracks/1tH0Xwni0oJe4DI6O7naRW",
      "id" : "1tH0Xwni0oJe4DI6O7naRW",
      "name" : "Say That",
      "popularity" : 50,
      "preview_url" : "https://p.scdn.co/mp3-preview/2a337476e2cfdd60ff012db1cd1a28a1f8f263e3?cid=8897482848704f2a8f8d7c79726a70d4",
      "track_number" : 2,
      "type" : "track",
      "uri" : "spotify:track:1tH0Xwni0oJe4DI6O7naRW"
    }
  }, {
    "added_at" : "2017-04-21T14:40:59Z",
    "track" : {
      "album" : {
        "album_type" : "album",
        "artists" : [ {
          "external_urls" : {
            "spotify" : "https://open.spotify.com/artist/1F102kNzMqsmOpF7AfFmm5"
          },
          "href" : "https://api.spotify.com/v1/artists/1F102kNzMqsmOpF7AfFmm5",
          "id" : "1F102kNzMqsmOpF7AfFmm5",
          "name" : "Ott",
          "type" : "artist",
          "uri" : "spotify:artist:1F102kNzMqsmOpF7AfFmm5"
        } ],
        "available_markets" : [ "AD", "AR", "AT", "AU", "BE", "BG", "BO", "BR", "CA", "CH", "CL", "CO", "CR", "CY", "CZ", "DE", "DK", "DO", "EC", "EE", "ES", "FI", "FR", "GB", "GR", "GT", "HK", "HN", "HU", "ID", "IE", "IS", "IT", "JP", "LI", "LT", "LU", "LV", "MC", "MT", "MX", "MY", "NI", "NL", "NO", "NZ", "PA", "PE", "PH", "PL", "PT", "PY", "SE", "SG", "SK", "SV", "TR", "TW", "US", "UY" ],
        "external_urls" : {
          "spotify" : "https://open.spotify.com/album/5hmn7o6Q9JEYNvQv7xEJm2"
        },
        "href" : "https://api.spotify.com/v1/albums/5hmn7o6Q9JEYNvQv7xEJm2",
        "id" : "5hmn7o6Q9JEYNvQv7xEJm2",
        "images" : [ {
          "height" : 640,
          "url" : "https://i.scdn.co/image/fae00b18c9cf68c153d1f843927541ce2aaf0d3f",
          "width" : 640
        }, {
          "height" : 300,
          "url" : "https://i.scdn.co/image/f448d2ea7bef7eac34e5f6eba5cef984de194ca2",
          "width" : 300
        }, {
          "height" : 64,
          "url" : "https://i.scdn.co/image/3b415e79cefa0e44a9f0d4c1c2cf249ac17ebcca",
          "width" : 64
        } ],
        "name" : "Fairchildren",
        "type" : "album",
        "uri" : "spotify:album:5hmn7o6Q9JEYNvQv7xEJm2"
      },
      "artists" : [ {
        "external_urls" : {
          "spotify" : "https://open.spotify.com/artist/1F102kNzMqsmOpF7AfFmm5"
        },
        "href" : "https://api.spotify.com/v1/artists/1F102kNzMqsmOpF7AfFmm5",
        "id" : "1F102kNzMqsmOpF7AfFmm5",
        "name" : "Ott",
        "type" : "artist",
        "uri" : "spotify:artist:1F102kNzMqsmOpF7AfFmm5"
      } ],
      "available_markets" : [ "AD", "AR", "AT", "AU", "BE", "BG", "BO", "BR", "CA", "CH", "CL", "CO", "CR", "CY", "CZ", "DE", "DK", "DO", "EC", "EE", "ES", "FI", "FR", "GB", "GR", "GT", "HK", "HN", "HU", "ID", "IE", "IS", "IT", "JP", "LI", "LT", "LU", "LV", "MC", "MT", "MX", "MY", "NI", "NL", "NO", "NZ", "PA", "PE", "PH", "PL", "PT", "PY", "SE", "SG", "SK", "SV", "TR", "TW", "US", "UY" ],
      "disc_number" : 1,
      "duration_ms" : 413506,
      "explicit" : false,
      "external_ids" : {
        "isrc" : "TCACH1560006"
      },
      "external_urls" : {
        "spotify" : "https://open.spotify.com/track/2uxnU3kxN3ymVTuJTiWUZp"
      },
      "href" : "https://api.spotify.com/v1/tracks/2uxnU3kxN3ymVTuJTiWUZp",
      "id" : "2uxnU3kxN3ymVTuJTiWUZp",
      "name" : "Harwell Dekatron",
      "popularity" : 32,
      "preview_url" : "https://p.scdn.co/mp3-preview/d84332b62bd9ba575f28133940cf39bf41a5842a?cid=8897482848704f2a8f8d7c79726a70d4",
      "track_number" : 4,
      "type" : "track",
      "uri" : "spotify:track:2uxnU3kxN3ymVTuJTiWUZp"
    }
  }, {
    "added_at" : "2017-04-20T23:51:33Z",
    "track" : {
      "album" : {
        "album_type" : "album",
        "artists" : [ {
          "external_urls" : {
            "spotify" : "https://open.spotify.com/artist/00FQb4jTyendYWaN8pK0wa"
          },
          "href" : "https://api.spotify.com/v1/artists/00FQb4jTyendYWaN8pK0wa",
          "id" : "00FQb4jTyendYWaN8pK0wa",
          "name" : "Lana Del Rey",
          "type" : "artist",
          "uri" : "spotify:artist:00FQb4jTyendYWaN8pK0wa"
        } ],
        "available_markets" : [ "AT", "CH", "DE" ],
        "external_urls" : {
          "spotify" : "https://open.spotify.com/album/13k3IPnPlB9SWgTy2NusbH"
        },
        "href" : "https://api.spotify.com/v1/albums/13k3IPnPlB9SWgTy2NusbH",
        "id" : "13k3IPnPlB9SWgTy2NusbH",
        "images" : [ {
          "height" : 640,
          "url" : "https://i.scdn.co/image/a1abc10f4c78f1c35b12f049fe7aff7953d608e8",
          "width" : 640
        }, {
          "height" : 300,
          "url" : "https://i.scdn.co/image/46bd397bbe078006fdd5c4d792ae23f157c81b9c",
          "width" : 300
        }, {
          "height" : 64,
          "url" : "https://i.scdn.co/image/c912968f48be642bf06e89ad1033a5fbb17e99fe",
          "width" : 64
        } ],
        "name" : "Honeymoon",
        "type" : "album",
        "uri" : "spotify:album:13k3IPnPlB9SWgTy2NusbH"
      },
      "artists" : [ {
        "external_urls" : {
          "spotify" : "https://open.spotify.com/artist/00FQb4jTyendYWaN8pK0wa"
        },
        "href" : "https://api.spotify.com/v1/artists/00FQb4jTyendYWaN8pK0wa",
        "id" : "00FQb4jTyendYWaN8pK0wa",
        "name" : "Lana Del Rey",
        "type" : "artist",
        "uri" : "spotify:artist:00FQb4jTyendYWaN8pK0wa"
      } ],
      "available_markets" : [ "AT", "CH", "DE" ],
      "disc_number" : 1,
      "duration_ms" : 295093,
      "explicit" : false,
      "external_ids" : {
        "isrc" : "GBUM71503929"
      },
      "external_urls" : {
        "spotify" : "https://open.spotify.com/track/5pkjAwnvb1n3loOcQewWNf"
      },
      "href" : "https://api.spotify.com/v1/tracks/5pkjAwnvb1n3loOcQewWNf",
      "id" : "5pkjAwnvb1n3loOcQewWNf",
      "name" : "Freak",
      "popularity" : 42,
      "preview_url" : "https://p.scdn.co/mp3-preview/c0f8948a5381a613703fcbd8c65d45bc4f9a8dbe?cid=8897482848704f2a8f8d7c79726a70d4",
      "track_number" : 6,
      "type" : "track",
      "uri" : "spotify:track:5pkjAwnvb1n3loOcQewWNf"
    }
  }, {
    "added_at" : "2017-04-20T23:43:56Z",
    "track" : {
      "album" : {
        "album_type" : "album",
        "artists" : [ {
          "external_urls" : {
            "spotify" : "https://open.spotify.com/artist/2PU4qFehXQF7WnlFsJpBiJ"
          },
          "href" : "https://api.spotify.com/v1/artists/2PU4qFehXQF7WnlFsJpBiJ",
          "id" : "2PU4qFehXQF7WnlFsJpBiJ",
          "name" : "Raury",
          "type" : "artist",
          "uri" : "spotify:artist:2PU4qFehXQF7WnlFsJpBiJ"
        } ],
        "available_markets" : [ "AD", "AR", "AT", "AU", "BE", "BG", "BO", "BR", "CA", "CH", "CL", "CO", "CR", "CY", "CZ", "DE", "DK", "DO", "EC", "EE", "ES", "FI", "FR", "GB", "GR", "GT", "HK", "HN", "HU", "ID", "IE", "IS", "IT", "JP", "LI", "LT", "LU", "LV", "MC", "MT", "MX", "MY", "NI", "NL", "NO", "NZ", "PA", "PE", "PH", "PL", "PT", "PY", "SE", "SG", "SK", "SV", "TR", "TW", "US", "UY" ],
        "external_urls" : {
          "spotify" : "https://open.spotify.com/album/5UOaWbjsdPwjPzzQbCGPWl"
        },
        "href" : "https://api.spotify.com/v1/albums/5UOaWbjsdPwjPzzQbCGPWl",
        "id" : "5UOaWbjsdPwjPzzQbCGPWl",
        "images" : [ {
          "height" : 640,
          "url" : "https://i.scdn.co/image/a12a3b925d49fbe32dbca90a19898b879a5457d9",
          "width" : 640
        }, {
          "height" : 300,
          "url" : "https://i.scdn.co/image/32c6d3d9566809156c2584950e2da920811ed78f",
          "width" : 300
        }, {
          "height" : 64,
          "url" : "https://i.scdn.co/image/40b4e17f7ed88839e2219111b9a1ce0873b42a57",
          "width" : 64
        } ],
        "name" : "All We Need",
        "type" : "album",
        "uri" : "spotify:album:5UOaWbjsdPwjPzzQbCGPWl"
      },
      "artists" : [ {
        "external_urls" : {
          "spotify" : "https://open.spotify.com/artist/2PU4qFehXQF7WnlFsJpBiJ"
        },
        "href" : "https://api.spotify.com/v1/artists/2PU4qFehXQF7WnlFsJpBiJ",
        "id" : "2PU4qFehXQF7WnlFsJpBiJ",
        "name" : "Raury",
        "type" : "artist",
        "uri" : "spotify:artist:2PU4qFehXQF7WnlFsJpBiJ"
      } ],
      "available_markets" : [ "AD", "AR", "AT", "AU", "BE", "BG", "BO", "BR", "CA", "CH", "CL", "CO", "CR", "CY", "CZ", "DE", "DK", "DO", "EC", "EE", "ES", "FI", "FR", "GB", "GR", "GT", "HK", "HN", "HU", "ID", "IE", "IS", "IT", "JP", "LI", "LT", "LU", "LV", "MC", "MT", "MX", "MY", "NI", "NL", "NO", "NZ", "PA", "PE", "PH", "PL", "PT", "PY", "SE", "SG", "SK", "SV", "TR", "TW", "US", "UY" ],
      "disc_number" : 1,
      "duration_ms" : 196946,
      "explicit" : true,
      "external_ids" : {
        "isrc" : "USSM11507354"
      },
      "external_urls" : {
        "spotify" : "https://open.spotify.com/track/0rVx0JleEdLRafoLAy6hEt"
      },
      "href" : "https://api.spotify.com/v1/tracks/0rVx0JleEdLRafoLAy6hEt",
      "id" : "0rVx0JleEdLRafoLAy6hEt",
      "name" : "Revolution",
      "popularity" : 39,
      "preview_url" : "https://p.scdn.co/mp3-preview/484393ed253ec6d3d912ec8011ad0f346151d8fa?cid=8897482848704f2a8f8d7c79726a70d4",
      "track_number" : 2,
      "type" : "track",
      "uri" : "spotify:track:0rVx0JleEdLRafoLAy6hEt"
    }
  } ],
  "limit" : 20,
  "next" : "https://api.spotify.com/v1/me/tracks?offset=20&limit=20",
  "offset" : 0,
  "previous" : null,
  "total" : 2551
}